director_name,id,gender
James Cameron,4762,Male
Gore Verbinski,4763,Male
Sam Mendes,4764,Male
Christopher Nolan,4765,Male
Andrew Stanton,4766,Male
Sam Raimi,4767,Male
Byron Howard,4768,Male
Joss Whedon,4769,Male
David Yates,4770,Male
Zack Snyder,4771,Male
Bryan Singer,4772,Male
Marc Forster,4773,Male
Andrew Adamson,4774,Male
Rob Marshall,4775,Male
Barry Sonnenfeld,4776,Male
Peter Jackson,4777,Male
Marc Webb,4778,Male
Ridley Scott,4779,Male
Anthony Russo,4781,Male
Peter Berg,4782,Male
Colin Trevorrow,4783,Male
Shane Black,4784,Male
Tim Burton,4785,Male
Brett Ratner,4786,Male
Dan Scanlon,4787,Male
Michael Bay,4788,Male
Joseph Kosinski,4789,Male
John Lasseter,4790,Male
Martin Campbell,4791,Male
Lee Unkrich,4792,Male
McG,4793,Male
James Wan,4794,Male
J.J. Abrams,4795,Male
Baz Luhrmann,4796,Male
Mike Newell,4797,Male
Guillermo del Toro,4798,Male
Steven Spielberg,4799,Male
Peter Sohn,4800,Male
Brenda Chapman,4801,Female
Roland Emmerich,4803,Male
Robert Zemeckis,4804,Male
Lilly Wachowski,4805,Female
Pete Docter,4806,Male
Conrad Vernon,4807,Male
Jon Favreau,4808,Male
Martin Scorsese,4809,Male
Rob Cohen,4810,Male
Tom Shadyac,4812,Male
Doug Liman,4813,Male
Stephen Sommers,4815,Male
Rupert Sanders,4816,Male
Matt Reeves,4818,Male
Mike Mitchell,4821,Male
Brad Bird,4822,Male
Chris Williams,4823,Male
Rich Moore,4824,Male
Chris Sanders,4825,Male
Jonathan Mostow,4826,Male
James Gunn,4827,Male
Hideaki Anno,4828,Male
David Fincher,4829,Male
Matthew Vaughn,4830,Male
Francis Lawrence,4831,Male
Jon Turteltaub,4832,Male
Wolfgang Petersen,4833,Male
Chris Miller,4835,Male
Duncan Jones,4836,Male
Alan Taylor,4837,Male
Michael Apted,4838,Male
Oliver Stone,4839,Male
Jan Pinkava,4840,Male
Eric Darnell,4841,Male
Shawn Levy,4842,Male
Gavin Hood,4843,Male
George Miller,4845,Male
Ron Howard,4846,Male
Kenneth Branagh,4847,Male
Joe Johnston,4851,Male
Steve Hickner,4852,Male
Jennifer Yuh Nelson,4853,Female
M. Night Shyamalan,4854,Male
Simon Wells,4855,Male
David Bowers,4856,Male
Joe Wright,4857,Male
Rob Minkoff,4858,Male
Lee Tamahori,4859,Male
Paul Feig,4860,Male
Peter Ramsey,4861,Male
Dean Parisot,4862,Male
Edward Zwick,4863,Male
Dean DeBlois,4864,Male
Alex Proyas,4865,Male
Richard Donner,4866,Male
Ang Lee,4867,Male
Jon M. Chu,4868,Male
Breck Eisner,4869,Male
Peter Weir,4871,Male
Bill Condon,4872,Male
Louis Leterrier,4873,Male
Alejandro González Iñárritu,4874,Male
Paul Greengrass,4876,Male
Mark Osborne,4877,Male
Peyton Reed,4878,Male
Tim Johnson,4879,Male
Phillip Noyce,4880,Male
Darren Aronofsky,4881,Male
Alfonso Cuarón,4882,Male
Ralph Zondag,4883,Male
Tom McGrath,4884,Male
Chris Columbus,4885,Male
Robert Schwentke,4886,Male
Carlos Saldanha,4887,Male
Guy Ritchie,4888,Male
Paul Verhoeven,4889,Male
Tony Gilroy,4891,Male
Joel Schumacher,4892,Male
John Woo,4893,Male
Tim Story,4894,Male
Mark Steven Johnson,4895,Male
Neill Blomkamp,4896,Male
José Padilha,4898,Male
James L. Brooks,4899,Male
James Mangold,4900,Male
George Lucas,4901,Male
Thomas Langmann,4902,Male
Roger Donaldson,4904,Male
Josh Trank,4906,Male
Brad Peyton,4907,Male
Roger Spottiswoode,4908,Male
Steven Soderbergh,4909,Male
Michel Gondry,4911,Male
Raja Gosnell,4913,Male
Will Finn,4914,Male
Jan de Bont,4915,Male
Len Wiseman,4916,Male
Frank Coraci,4917,Male
Michael Mann,4918,Male
Bo Welch,4919,Male
Ron Clements,4920,Male
Peter Chelsom,4921,Male
Dominic Sena,4922,Male
Tony Scott,4923,Male
Paul Weitz,4924,Male
Adam McKay,4925,Male
Chuck Russell,4926,Male
Quentin Tarantino,4927,Male
Gary Trousdale,4928,Male
Mark Dindal,4929,Male
Simon West,4930,Male
Spike Jonze,4932,Male
Chris Wedge,4933,Male
Florian Henckel von Donnersmarck,4934,Male
Peter Hyams,4935,Male
Tom Tykwer,4936,Male
Pitof,4937,Male
Patrick Hughes,4939,Male
Ericson Core,4940,Male
Ron Underwood,4942,Male
Steve Martino,4943,Male
David Mamet,4944,Male
Zhang Yimou,4945,Male
Ash Brannon,4946,Male
Frank Oz,4947,Male
Jay Roach,4948,Male
Luc Besson,4949,Male
Michael Patrick King,4950,Male
Don Michael Paul,4951,Male
Wally Pfister,4953,Male
Mark Waters,4955,Male
John Moore,4956,Male
John Lee Hancock,4957,Male
Renny Harlin,4958,Male
Ben Stiller,4960,Male
Tony Bancroft,4961,Male
Timur Bekmambetov,4962,Male
Walt Becker,4963,Male
Dennis Dugan,4964,Male
Sydney Pollack,4965,Male
Thor Freudenthal,4966,Male
Brian De Palma,4967,Male
Mick Jackson,4968,Male
Alan J. Pakula,4969,Male
Kathryn Bigelow,4970,Female
John Milius,4971,Male
Andrei Konchalovsky,4972,Male
Gary Ross,4973,Male
Paul W.S. Anderson,4974,Male
Kevin Lima,4976,Male
Daniel Espinosa,4977,Male
Nancy Meyers,4978,Female
Jill Culton,4979,Female
Neil Burger,4980,Male
Jean-Jacques Annaud,4981,Male
Barry Cook,4982,Male
Martin Brest,4983,Male
Andrew Davis,4984,Male
Tarsem Singh,4986,Male
Edgar Wright,4987,Male
Jon Amiel,4988,Male
Peter Segal,4989,Male
George A. Romero,4991,Male
Sylvester Stallone,4992,Male
Todd Phillips,4993,Male
Karey Kirkpatrick,4994,Male
Gary Winick,4995,Male
Mimi Leder,4996,Female
Seth Gordon,4997,Male
Adam Shankman,4998,Male
D.J. Caruso,4999,Male
Anthony Minghella,5000,Male
Albert Hughes,5001,Male
Joe Pytka,5003,Male
Scott Derrickson,5004,Male
Ivan Reitman,5005,Male
Eric Brevig,5006,Male
Kelly Asbury,5007,Male
Stephen Hopkins,5008,Male
Jonathan Demme,5009,Male
Henry Jaglom,5010,Male
James Algar,5011,Male
Steven Brill,5013,Male
Terry Gilliam,5014,Male
Roger Christian,5016,Male
Joe Dante,5017,Male
Kevin Costner,5018,Male
Antony Hoffman,5019,Male
Jacques Perrin,5020,Male
Roger Allers,5022,Male
Cody Cameron,5023,Male
John Singleton,5024,Male
Oliver Hirschbiegel,5025,Male
Des McAnuff,5026,Male
Stephen Norrington,5028,Male
Pierre Coffin,5029,Male
David Kellogg,5030,Male
Mike Nichols,5031,Male
Vicky Jenson,5032,Female
F. Gary Gray,5033,Male
Antoine Fuqua,5034,Male
Robert Luketic,5035,Male
Gil Kenan,5036,Male
Barry Levinson,5037,Male
Jerry Zucker,5038,Male
Andy Tennant,5039,Male
Gary Goldman,5041,Male
Ron Shelton,5042,Male
Àlex Pastor,5043,Male
Henry Selick,5044,Male
Judd Apatow,5047,Male
Steve Carr,5048,Male
Mel Gibson,5049,Male
David Silverman,5050,Male
Frank Darabont,5051,Male
Betty Thomas,5052,Female
Garry Marshall,5053,Male
Clark Johnson,5055,Male
Cameron Crowe,5056,Male
Randall Wallace,5057,Male
Jonathan Frakes,5058,Male
George Clooney,5059,Male
Andrzej Bartkowiak,5061,Male
Måns Mårlind,5062,Male
Gregory Hoblit,5063,Male
Mikael Salomon,5066,Male
Bobby Farrelly,5067,Male
Kerry Conran,5069,Male
Michael Caton-Jones,5070,Male
Phil Alden Robinson,5072,Male
David Slade,5073,Male
Joseph Ruben,5074,Male
Seth MacFarlane,5075,Male
Alejandro Amenábar,5076,Male
Rob Bowman,5079,Male
Scott Waugh,5081,Male
Lawrence Kasdan,5082,Male
Michael Lembeck,5083,Male
Tom Hooper,5084,Male
Angelina Jolie,5086,Female
Clint Eastwood,5087,Male
Larry Charles,5088,Male
Stanley Kubrick,5089,Male
Will Gluck,5090,Male
Glenn Ficarra,5091,Male
David S. Goyer,5092,Male
Michael Lehmann,5094,Male
Roman Polanski,5096,Male
Baltasar Kormákur,5098,Male
Daniel Lee,5099,Male
Keenen Ivory Wayans,5100,Male
Rob Reiner,5101,Male
Marco Schnabel,5102,Male
Demian Lichtenstein,5103,Male
Josh Gordon,5104,Male
Tim Hill,5105,Male
David Frankel,5106,Male
Marc Lawrence,5107,Male
Peter Billingsley,5108,Male
Ryan Murphy,5110,Male
Robert Redford,5111,Male
Jay Russell,5112,Male
Kenny Ortega,5113,Male
David McNally,5114,Male
Brian Robbins,5115,Male
Brian Levant,5116,Male
Steven Zaillian,5117,Male
Sam Fell,5118,Male
Jon Avnet,5119,Male
Kevin Donovan,5121,Male
Geoff Murphy,5122,Male
David O. Russell,5123,Male
Babak Najafi,5124,Male
Jean-Pierre Jeunet,5125,Male
Anthony Stacchi,5126,Male
John Pasquin,5128,Male
Ruben Fleischer,5129,Male
Harold Ramis,5130,Male
Kevin Macdonald,5131,Male
Donald Petrie,5132,Male
Jorge Blanco,5133,Male
Stuart Baird,5134,Male
Robert Lorenz,5136,Male
Harold Becker,5137,Male
Tony Bill,5139,Male
Rod Lurie,5140,Male
Walter Hill,5141,Male
Akiva Goldsman,5142,Male
Harald Zwart,5143,Male
Walter Salles,5144,Male
Iain Softley,5145,Male
Frank Miller,5146,Male
David Koepp,5147,Male
Uwe Boll,5148,Male
Soi Cheang,5149,Male
John Dahl,5150,Male
Tim Miller,5151,Male
Stephen Herek,5152,Male
Peter MacDonald,5153,Male
Sean Anders,5155,Male
Brian Taylor,5156,Male
Kevin Bray,5158,Male
Mike Gabriel,5159,Male
Sam Weisman,5160,Male
Jesse Dylan,5161,Male
Gabriele Muccino,5163,Male
Tom Dey,5164,Male
Jimmy Hayward,5165,Male
Alan Parker,5166,Male
John Frankenheimer,5167,Male
Paul King,5168,Male
Akiva Schaffer,5169,Male
Kent Alterman,5171,Male
Peter Lord,5172,Male
Shekhar Kapur,5173,Male
Karyn Kusama,5174,Female
Ronald F. Maxwell,5175,Male
Robert Butler,5176,Male
Steve Antin,5177,Male
Jim Gillespie,5178,Male
Francis Ford Coppola,5179,Male
Scott Cooper,5181,Male
Curtis Hanson,5182,Male
Phyllida Lloyd,5183,Female
Jay Chandrasekhar,5184,Male
Terrence Malick,5185,Male
David Dobkin,5186,Male
Miloš Forman,5187,Male
Pierre Morel,5188,Male
Paul Hunter,5189,Male
Steve Oedekerk,5190,Male
John Whitesell,5191,Male
George Nolfi,5192,Male
Spike Lee,5195,Male
Brian Helgeland,5196,Male
Frank Marshall,5197,Male
Hideo Nakata,5198,Male
Peter Hewitt,5199,Male
Bennett Miller,5201,Male
Jaume Collet-Serra,5202,Male
Andy Fickman,5203,Male
James McTeigue,5204,Male
Matthew O'Callaghan,5205,Male
Angela Robinson,5206,Female
Gary Fleder,5207,Male
Tommy Wirkola,5208,Male
Adrian Lyne,5209,Male
Stephen Gaghan,5210,Male
Richard Loncraine,5212,Male
Christophe Gans,5213,Male
Howard Deutch,5214,Male
Jon Hurwitz,5215,Male
Steven Quale,5216,Male
John Landis,5217,Male
Alexander Witt,5218,Male
Beeban Kidron,5219,Female
Steven Seagal,5221,Male
Danny Boyle,5222,Male
Barbet Schroeder,5224,Male
Peter Webber,5225,Male
Andrew Niccol,5226,Male
John Carpenter,5227,Male
Wes Anderson,5228,Male
David Cronenberg,5229,Male
John Stockwell,5230,Male
David Gordon Green,5231,Male
Jim Sheridan,5232,Male
Patrick Read Johnson,5234,Male
Richard LaGravenese,5235,Male
Danny DeVito,5236,Male
James Wong,5239,Male
Richard Curtis,5240,Male
Chuck Bowman,5241,Male
Olivier Megaton,5242,Male
Deepa Mehta,5243,Female
Warren Beatty,5244,Male
Penny Marshall,5245,Female
Ted Kotcheff,5246,Male
Andrei Tarkovsky,5247,Male
P.J. Hogan,5250,Male
Brad Furman,5251,Male
Terence Young,5252,Male
David Zucker,5253,Male
Denis Villeneuve,5254,Male
Thomas Carter,5255,Male
Roger Michell,5256,Male
Luis Llosa,5257,Male
Melville Shavelson,5258,Male
Garth Jennings,5259,Male
Joel Zwick,5260,Male
Russell Mulcahy,5261,Male
David R. Ellis,5262,Male
Peter Howitt,5263,Male
John A. Davis,5264,Male
David Lynch,5265,Male
Julie Taymor,5266,Female
Mathieu Kassovitz,5267,Male
John Gray,5268,Male
John Schultz,5269,Male
Sean Penn,5270,Male
Susan Stroman,5271,Female
Billy Bob Thornton,5273,Male
Danny Pang,5274,Male
George P. Cosmatos,5275,Male
Oliver Parker,5276,Male
Lawrence Kasanoff,5277,Male
Ben Affleck,5278,Male
Brian Gibson,5279,Male
Ben Sharpsteen,5280,Male
Michael Cimino,5281,Male
Gus Van Sant,5283,Male
Roger Kumble,5284,Male
Nick Park,5286,Male
John Hamburg,5287,Male
Reginald Hudlin,5288,Male
Joseph L. Mankiewicz,5289,Male
Mark Pellington,5291,Male
John Glen,5292,Male
Catherine Hardwicke,5293,Female
John Herzfeld,5294,Male
Julie Anne Robinson,5296,Female
Seth Rogen,5297,Male
Sngmoo Lee,5298,Male
Jamel Debbouze,5299,Male
John G. Avildsen,5302,Male
Anne Fletcher,5303,Female
Bruce Beresford,5304,Male
Sam Taylor-Johnson,5305,Female
Wes Craven,5307,Male
Nick Cassavetes,5309,Male
Nicholas Stoller,5310,Male
Nimród Antal,5313,Male
Alejandro Agresti,5314,Male
Peter Hedges,5315,Male
Paul Weiland,5316,Male
Colin Strause,5317,Male
Joan Chen,5318,Female
Greg Mottola,5319,Male
Jake Kasdan,5320,Male
Diane Keaton,5321,Female
Kelly Makin,5322,Male
Stephen Daldry,5323,Male
Christian Duguay,5324,Male
Justin Chadwick,5325,Male
Pat O'Connor,5326,Male
Frederik Du Chau,5327,Male
Irwin Winkler,5328,Male
Joseph Kahn,5329,Male
Sofia Coppola,5330,Female
Stephen T. Kay,5331,Male
Juan Antonio Bayona,5332,Male
Elaine May,5333,Female
Dennie Gordon,5334,Female
Charles Shyer,5335,Male
Ulu Grosbard,5336,Male
William Malone,5337,Male
Malcolm D. Lee,5338,Male
Jerry Jameson,5339,Male
Mic Rodgers,5340,Male
Christian Alvart,5341,Male
Jean-Marie Poiré,5342,Male
Marc F. Adler,5343,Male
Geoffrey Sax,5344,Male
Richard Shepard,5345,Male
Peter Chan,5346,Male
Sergei Bodrov Jr.,5347,Male
Bong Joon-ho,5348,Male
Bibo Bergeron,5349,Male
Jeff Nathanson,5350,Male
S.S. Rajamouli,5351,Male
Charles S. Dutton,5352,Male
Jonathan Lynn,5353,Male
David Carson,5354,Male
Wong Kar-wai,5355,Male
Norman Jewison,5357,Male
David Mirkin,5358,Male
Lee Daniels,5360,Male
Jeb Stuart,5361,Male
Steve Miner,5362,Male
Paul Thomas Anderson,5363,Male
David Leland,5364,Male
J Blakeson,5365,Male
Ryan Coogler,5366,Male
Jennifer Flackett,5368,Female
Kevin Smith,5369,Male
Christian Ditter,5370,Male
Charles Martin Smith,5371,Male
Fyodor Bondarchuk,5372,Male
Irvin Kershner,5373,Male
Steve Pink,5374,Male
Scott Hicks,5375,Male
Kirk De Micco,5376,Male
Chris Rock,5377,Male
Wilson Yip,5378,Male
Robert Wise,5379,Male
Kevin Rodney Sullivan,5380,Male
Kevin Munroe,5381,Male
Mike Tollin,5382,Male
Patrick Tatopoulos,5383,Male
Gary David Goldberg,5384,Male
Tobe Hooper,5385,Male
Alan Poul,5386,Male
Luke Greenfield,5387,Male
Gil Junger,5388,Male
Michael Ritchie,5389,Male
Steven E. de Souza,5390,Male
Alexandre Aja,5391,Male
Michael Rymer,5392,Male
Hugh Wilson,5393,Male
Chris Carter,5397,Male
Tommy O'Haver,5398,Male
Gary Chapman,5400,Male
Craig Mazin,5401,Male
Allen Hughes,5402,Male
Peter Yates,5404,Male
Lasse Hallström,5405,Male
Jean-Marc Vallée,5406,Male
Tsui Hark,5407,Male
Bille August,5410,Male
Moustapha Akkad,5411,Male
Jean-Paul Rappeneau,5412,Male
Tony Kaye,5414,Male
Hugh Johnson,5416,Male
Hayao Miyazaki,5417,Male
"George Tillman, Jr.",5418,Male
Rand Ravich,5419,Male
Hugh Hudson,5420,Male
Ben Stassen,5421,Male
Chris Gorak,5422,Male
Scott Speer,5423,Male
Joe Charbanic,5424,Male
Jonathan Hensleigh,5425,Male
Danny Cannon,5426,Male
Boaz Yakin,5427,Male
Richard Marquand,5428,Male
Neil Marshall,5429,Male
David Wain,5430,Male
Jared Hess,5431,Male
Rupert Wainwright,5432,Male
John Luessenhop,5433,Male
Justin Zackham,5434,Male
John Gatins,5435,Male
Miguel Sapochnik,5436,Male
Shim Hyung-Rae,5437,Male
Don Scardino,5438,Male
Tim Robbins,5439,Male
Tom Reeve,5440,Male
Nanette Burstein,5441,Female
Ariel Vromen,5442,Male
Lewis Gilbert,5443,Male
John Francis Daley,5444,Male
Michael Sucsy,5446,Male
Tom Vaughan,5447,Male
Stephen Hillenburg,5448,Male
Jason Reitman,5450,Male
Jonathan Levine,5452,Male
Rian Johnson,5453,Male
Chris Noonan,5454,Male
Michael McCullers,5455,Male
Forest Whitaker,5456,Male
Woody Allen,5457,Male
Ted Demme,5459,Male
William Shatner,5460,Male
James Gartner,5461,Male
Lee Toland Krieger,5462,Male
Tim McCanlies,5463,Male
Drew Goddard,5464,Male
Jason Friedberg,5465,Male
Paul Michael Glaser,5466,Male
John R. Leonetti,5467,Male
Tom Hanks,5468,Male
Liz Friedlander,5470,Female
Phil Joanou,5471,Male
Shane Acker,5472,Male
Martha Coolidge,5473,Female
Troy Miller,5475,Male
Tate Taylor,5476,Male
Nick Hurran,5479,Male
Charles Stone III,5480,Male
Paul Haggis,5481,Male
Kurt Wimmer,5482,Male
Kevin Hooks,5484,Male
Ellory Elkayem,5485,Male
Niki Caro,5486,Female
Vincenzo Natali,5487,Male
Willard Huyck,5488,Male
Gavin O'Connor,5489,Male
Bruce Hunt,5490,Male
Christopher Roberts,5491,Male
Nick Hamm,5493,Male
Andy Cadiff,5494,Male
Richard J. Lewis,5496,Male
Sergio Leone,5497,Male
Niels Arden Oplev,5498,Male
Michael Radford,5499,Male
Steve Boyum,5500,Male
Chen Kaige,5501,Male
Andrew Dominik,5503,Male
Jackie Chan,5504,Male
Reinhard Klooss,5506,Male
Frédéric Auburtin,5507,Male
Olivier Dahan,5508,Male
Liliana Cavani,5510,Female
Elizabeth Banks,5511,Female
Edward Norton,5512,Male
Ben Falcone,5513,Male
Richard Attenborough,5514,Male
Don Mancini,5515,Male
John Maybury,5516,Male
Norton Virgien,5517,Male
Miguel Arteta,5519,Male
James Gray,5520,Male
Janusz Kamiński,5521,Male
Jeff Wadlow,5523,Male
David Lean,5526,Male
Richard Eyre,5527,Male
Nicholas Meyer,5528,Male
Callie Khouri,5529,Female
Sanaa Hamri,5530,Female
Todd Graff,5531,Male
Philip Kaufman,5532,Male
Saul Dibb,5533,Male
Walter Murch,5534,Male
Richard Linklater,5535,Male
Menno Meyjes,5537,Male
Jodie Foster,5538,Female
Scott Frank,5539,Male
Kevin Allen,5540,Male
Michael Cristofer,5541,Male
Andrew Morahan,5542,Male
Bob Rafelson,5543,Male
Michael Cohn,5544,Male
Alan Shapiro,5545,Male
Fernando Meirelles,5546,Male
Michael Hoffman,5547,Male
Michael Winterbottom,5549,Male
Michael Pressman,5550,Male
Sharon Maguire,5551,Female
Charles Herman-Wurmfeld,5552,Male
Gábor Csupó,5553,Male
Tyler Perry,5554,Male
Joe Carnahan,5555,Male
John Polson,5556,Male
Bernardo Bertolucci,5557,Male
Cathy Malkasian,5558,Female
Chris Nahon,5559,Male
Fred Wolf,5560,Male
Victor Salva,5562,Male
Mark Helfrich,5563,Male
Steve Bendelack,5564,Male
Guillaume Canet,5566,Male
Kirsten Sheridan,5567,Female
Bob Spiers,5569,Male
Damien Dante Wayans,5570,Male
John Wells,5571,Male
Nigel Cole,5573,Male
Dexter Fletcher,5574,Male
Jeremy Leven,5575,Male
Sylvain White,5576,Male
Troy Nixey,5577,Male
Philip G. Atwell,5578,Male
Jeff Schaffer,5579,Male
James Bridges,5580,Male
Steve Barron,5581,Male
Bill Paxton,5582,Male
Richard Kelly,5583,Male
John Schlesinger,5585,Male
Ringo Lam,5586,Male
Bruce McCulloch,5587,Male
Pascal Chaumeil,5589,Male
Jonathan Kaplan,5590,Male
Ole Bornedal,5591,Male
Richard Benjamin,5592,Male
Craig R. Baxley,5593,Male
John Hillcoat,5594,Male
John Guillermin,5595,Male
Marcos Siega,5596,Male
Rachel Talalay,5597,Female
Atom Egoyan,5599,Male
Robert Towne,5600,Male
Werner Herzog,5602,Male
Inna Evlannikova,5604,Female
Jonathan English,5605,Male
Sergey Bondarchuk,5606,Male
Mario Van Peebles,5608,Male
Leonard Nimoy,5609,Male
Bonnie Hunt,5611,Female
Neil LaBute,5612,Male
Grant Heslov,5613,Male
George Gallo,5614,Male
Douglas McGrath,5616,Male
Kevin Spacey,5617,Male
Mary McGuckian,5619,Female
Tony Goldwyn,5620,Male
Jonathan Newman,5621,Male
Michael Dinner,5622,Male
Joseph Sargent,5623,Male
Jerry Zaks,5624,Male
Fred Durst,5625,Male
Anne Fontaine,5626,Female
Mira Nair,5628,Female
Mel Brooks,5629,Male
Russell Crowe,5630,Male
Jessie Nelson,5631,Female
Mike Bigelow,5633,Male
Daniel Sackheim,5634,Male
Deborah Kaplan,5635,Female
Fred Dekker,5637,Male
Blake Edwards,5639,Male
Christian Carion,5641,Male
Dax Shepard,5642,Male
Rowan Joffe,5643,Male
John Curran,5644,Male
Juan José Campanella,5645,Male
Trey Parker,5646,Male
Stuart Gillard,5647,Male
Katt Shea,5648,Female
Joshua Michael Stern,5649,Male
Tomas Alfredson,5650,Male
John Duigan,5651,Male
Colin Higgins,5652,Male
Jim Sonzero,5653,Male
Jeff Tremaine,5655,Male
Jeannot Szwarc,5656,Male
Steve McQueen,5657,Male
Thea Sharrock,5658,Female
Jon Lucas,5659,Male
Ava DuVernay,5661,Female
Jun Falkenstein,5664,Female
Takashi Shimizu,5666,Male
Gary Nelson,5667,Male
Anton Corbijn,5668,Male
Gregory Nava,5669,Male
John Patrick Shanley,5670,Male
Joshua Logan,5671,Male
Steve Beck,5672,Male
Todd Strauss-Schulson,5673,Male
John McNaughton,5674,Male
Nelson McCormick,5675,Male
Andrew Fleming,5677,Male
Michael Spierig,5678,Male
Jim Field Smith,5679,Male
Thomas Bezucha,5680,Male
William Brent Bell,5681,Male
Ben Gluck,5682,Male
Jessica Bendinger,5683,Female
Henry Joost,5684,Male
Ed Harris,5685,Male
Alfred Hitchcock,5686,Male
Steve Rash,5688,Male
Mike Binder,5689,Male
Michael J. Bassett,5690,Male
Frank Nissen,5691,Male
Stephen Chow,5692,Male
Peter Hastings,5693,Male
Paul Abascal,5694,Male
Chris Koch,5695,Male
Amy Heckerling,5696,Female
Michael Moore,5697,Male
George Stevens,5698,Male
Billy Ray,5699,Male
Mark Mylod,5700,Male
Michael O. Sajbel,5702,Male
Charles T. Kanganis,5703,Male
Damon Santostefano,5704,Male
Bob Clark,5705,Male
Frank Passingham,5706,Male
Glen Morgan,5708,Male
Mike Leigh,5709,Male
Jonathan Glazer,5711,Male
Paul Gross,5713,Male
Marc Abraham,5714,Male
Todd Haynes,5715,Male
Mabrouk El Mechri,5716,Male
Charlie Kaufman,5717,Male
Nancy Walker,5718,Female
Matthew Diamond,5720,Male
Katsuhiro Ōtomo,5721,Male
David Anspaugh,5722,Male
Andrew Jarecki,5723,Male
Daniel Algrant,5724,Male
Mike Barker,5725,Male
Mark Rosman,5731,Male
Brian Percival,5735,Male
Anand Tucker,5736,Male
Anthony Mann,5737,Male
Michael Dowse,5738,Male
Daniel Barnz,5739,Male
Emile Ardolino,5740,Male
Robert Altman,5741,Male
Andrew Douglas,5743,Male
Ricky Gervais,5744,Male
Vic Armstrong,5745,Male
Audrey Wells,5747,Female
Rick Friedberg,5748,Male
Sean McNamara,5749,Male
Jody Hill,5750,Male
Brandon Camp,5751,Male
Kevin Tancharoen,5752,Male
Nicholas Hytner,5753,Male
Bart Freundlich,5754,Male
William A. Fraker,5755,Male
John Boorman,5756,Male
Courtney Solomon,5757,Male
Jeff Kanew,5758,Male
Matthew Robbins,5760,Male
Hal Needham,5761,Male
Jeff Nichols,5762,Male
Michael Haneke,5764,Male
Zack Ward,5765,Male
Mike Marvin,5766,Male
Gregor Jordan,5767,Male
Olivier Assayas,5768,Male
Tran Anh Hung,5769,Male
Lance Hool,5770,Male
Christian Volckman,5771,Male
David Hayter,5773,Male
Cory Edwards,5774,Male
Terry George,5775,Male
Xavier Gens,5776,Male
Kasi Lemmons,5777,Female
Matt Dillon,5779,Male
Kevin Greutert,5782,Male
John Fortenberry,5783,Male
Erik White,5784,Male
Jason Moore,5786,Male
Robert Harmon,5787,Male
Trent Cooper,5788,Male
Gary Halvorson,5789,Male
Fede Alvarez,5791,Male
Sidney J. Furie,5792,Male
Wayne Kramer,5794,Male
Rowdy Herrington,5795,Male
Jim Goddard,5796,Male
Noel Marshall,5797,Male
Andrea Di Stefano,5798,Female
Guillaume Ivernel,5799,Male
Jack Smight,5800,Male
Howard Zieff,5802,Male
Steven Shainberg,5803,Male
Julian Jarrold,5804,Male
Joe Nussbaum,5805,Male
Michel Hazanavicius,5807,Male
Cyrus Nowrasteh,5808,Male
Perry Andelin Blake,5809,Male
Christian E. Christiansen,5810,Male
Sheldon Lettich,5811,Male
Diane English,5812,Female
Robert Iscove,5814,Male
Peter Kosminsky,5815,Male
Nick Gomez,5816,Male
Allen Coulter,5817,Male
Clare Kilner,5818,Female
Josef Rusnak,5819,Male
Lance Rivera,5820,Male
Ronald Neame,5821,Male
Bruce Paltrow,5822,Male
Adam Rifkin,5823,Male
Susanne Bier,5824,Female
Kenneth Johnson,5825,Male
James Ivory,5826,Male
Dany Boon,5828,Male
Gaspar Noé,5830,Male
Jérôme Salle,5831,Male
Tommy Lee Jones,5832,Male
Wayne Beach,5835,Male
Gérard Krawczyk,5836,Male
Udayan Prasad,5837,Male
Yoon Je-kyoon,5838,Male
Morten Tyldum,5839,Male
Andy Muschietti,5840,Male
Gillian Armstrong,5841,Female
Jim Fall,5843,Male
Ric Roman Waugh,5844,Male
Michael Dougherty,5845,Male
Joel Gallen,5846,Male
James Marsh,5847,Male
Matt Williams,5848,Male
Rob Zombie,5849,Male
Dennis Iliadis,5850,Male
Denzel Washington,5852,Male
Nicolas Winding Refn,5853,Male
Sara Sugarman,5854,Female
Juan Carlos Fresnadillo,5855,Male
Gina Prince-Bythewood,5856,Female
Phil Traill,5857,Male
Joe Berlinger,5858,Male
Elizabeth Allen Rosenbaum,5859,Female
Michael Mayer,5860,Male
John Ottman,5862,Male
John Bonito,5863,Male
Peter Atencio,5864,Male
Derek Cianfrance,5866,Male
Stephan Elliott,5867,Male
Mark L. Lester,5868,Male
Tom Green,5869,Male
Mike Nawrocki,5870,Male
Douglas Aarniokoski,5871,Male
Bryan Barber,5872,Male
Lone Scherfig,5873,Female
Drew Barrymore,5874,Female
Brian Koppelman,5875,Male
James Foley,5876,Male
Albert Brooks,5877,Male
Steve Gomer,5878,Male
RZA,5879,Male
Mark Piznarski,5880,Male
Craig Brewer,5881,Male
Mort Nathan,5883,Male
Dan Curtis,5884,Male
Wil Shriner,5885,Male
Martin McDonagh,5886,Male
Peter Cattaneo,5888,Male
Mary Lambert,5889,Female
Peter Kassovitz,5890,Male
Rodman Flender,5891,Male
Katja von Garnier,5892,Female
Mark Romanek,5893,Male
Brad Anderson,5894,Male
Michael Chapman,5895,Male
Antonio Banderas,5896,Male
Fritz Lang,5898,Male
Hou Hsiao-hsien,5899,Male
Tony Jaa,5901,Male
Ryûhei Kitamura,5902,Male
Dito Montiel,5904,Male
Stefan Ruzowitzky,5905,Male
Jake Paltrow,5906,Male
Gerry Lively,5910,Male
Julien Temple,5913,Male
Gregory Jacobs,5914,Male
Gilles Paquet-Brenner,5915,Male
Peter Cousens,5916,Male
Lars von Trier,5917,Male
John Cornell,5918,Male
Vidhu Vinod Chopra,5919,Male
Jamie Blanks,5920,Male
Randal Kleiser,5921,Male
Phil Vischer,5922,Male
Alan Cohn,5924,Male
Franco Zeffirelli,5925,Male
Tom Holland,5926,Male
James Isaac,5927,Male
Emilio Estevez,5928,Male
Josh Schwartz,5929,Male
Julian Schnabel,5930,Male
Todd Field,5931,Male
Davis Guggenheim,5932,Male
Stephen Carpenter,5933,Male
James Fargo,5934,Male
Alain Resnais,5935,Male
Kenneth Lonergan,5936,Male
Bo Zenga,5937,Male
Danny Leiner,5938,Male
Christopher Cain,5939,Male
Ed Decter,5941,Male
Gene Quintano,5942,Male
Eric Bress,5943,Male
Preston A. Whitmore II,5944,Male
Kirk Wong,5945,Male
Bronwen Hughes,5946,Female
John Lafia,5947,Male
Sam Miller,5948,Male
Alex Garland,5949,Male
Mark Brown,5950,Male
Michael Polish,5951,Male
Daisy von Scherler Mayer,5952,Female
Lenny Abrahamson,5953,Male
Bob Saget,5954,Male
John Waters,5955,Male
Craig Bolotin,5956,Male
Mark Christopher,5957,Male
Jez Butterworth,5959,Male
Isabel Coixet,5960,Female
Patrice Leconte,5961,Male
Paul Mazursky,5962,Male
Stephen Chbosky,5963,Male
Mark Neveldine,5965,Male
Joe Cornish,5966,Male
John H. Lee,5967,Male
John Stainton,5968,Male
Benedek Fliegauf,5969,Male
Stewart Hendler,5971,Male
John Cromwell,5972,Male
Abel Ferrara,5974,Male
George Hickenlooper,5975,Male
Don Bluth,5976,Male
William Dear,5978,Male
John Badham,5980,Male
Mike McCoy,5981,Male
Mike Judge,5982,Male
Tamra Davis,5983,Female
Franklin J. Schaffner,5985,Male
David Moreau,5987,Male
Christopher Erskin,5988,Male
Brian Henson,5989,Male
Dan Cutforth,5990,Male
Ernest R. Dickerson,5994,Male
Wallace Wolodarsky,5996,Male
Nicholas Jarecki,5997,Male
Darnell Martin,5999,Female
Scott Alexander,6000,Male
Stuart Gordon,6001,Male
Christopher Guest,6002,Male
Jane Campion,6003,Female
Fred Schepisi,6004,Male
Antonia Bird,6005,Female
Jon Poll,6006,Male
Paolo Sorrentino,6007,Male
Peter Care,6008,Male
Park Chan-wook,6009,Male
Ira Sachs,6010,Male
Carroll Ballard,6011,Male
Takeshi Kitano,6012,Male
Marco Kreuzpaintner,6013,Male
Lajos Koltai,6014,Male
Alan Rudolph,6015,Male
Lu Chuan,6016,Male
Christopher Smith,6019,Male
Timothy Hines,6020,Male
David Winters,6021,Male
Akira Kurosawa,6022,Male
Dan Mazer,6025,Male
David S. Ward,6027,Male
Barnaby Thompson,6028,Male
John Crowley,6030,Male
Brendan Malloy,6031,Male
Dustin Hoffman,6032,Male
Gregory Poirier,6033,Male
Simon Curtis,6034,Male
Philip Saville,6036,Male
Tim Blake Nelson,6037,Male
William A. Graham,6038,Male
Martin Ritt,6039,Male
John Turturro,6040,Male
Agnieszka Holland,6041,Female
David Hackl,6042,Male
Giuliano Montaldo,6043,Male
Lisa Azuelos,6044,Female
Ray Lawrence,6045,Male
Karan Johar,6046,Male
Jaume Balagueró,6048,Male
Jon Kasdan,6049,Male
Léa Pool,6050,Female
Floyd Mutrux,6051,Male
Sajid Khan,6052,Male
Dean Wright,6053,Male
Shintaro Shimosawa,6055,Male
Darren Lynn Bousman,6056,Male
James DeMonaco,6057,Male
Carol Reed,6059,Male
Chuck Sheetz,6060,Male
Leigh Whannell,6062,Male
Michael Schultz,6063,Male
Peter Sollett,6064,Male
Bob Dolman,6065,Male
Greg Coolidge,6066,Male
David Lowery,6067,Male
Salim Akil,6069,Male
Leon Ichaso,6071,Male
Patricia Rozema,6073,Female
Ben Garant,6075,Male
Morgan Spurlock,6076,Male
Neal Brennan,6077,Male
Theodore Witcher,6079,Male
Joel Edgerton,6080,Male
Michael Patrick Jann,6082,Male
Jorma Taccone,6083,Male
Jeff Lowell,6084,Male
Lorene Scafaria,6085,Female
Marcus Dunstan,6086,Male
François Girard,6088,Male
Scott Kalvert,6089,Male
Jason Bateman,6090,Male
David Schwimmer,6091,Male
Allan Arkush,6092,Male
Eric Bross,6093,Male
Dan Fogelman,6094,Male
Luca Guadagnino,6096,Male
John Putch,6097,Male
Peter Medak,6098,Male
Terence Davies,6099,Male
Harley Cokeliss,6100,Male
Tom Brady,6101,Male
Noah Baumbach,6103,Male
Eric Blakeney,6104,Male
Rakesh Roshan,6105,Male
Derrick Borte,6106,Male
Richard Kwietniowski,6107,Male
Bob Odenkirk,6108,Male
Joshua Seftel,6109,Male
Vincent Gallo,6110,Male
Jon Stewart,6112,Male
Bigas Luna,6113,Male
Ralph Fiennes,6114,Male
Dan Harris,6115,Male
Mel Smith,6116,Male
Bobcat Goldthwait,6117,Male
Jake Scott,6118,Male
Alan Metter,6119,Male
Michael Meredith,6122,Male
Julio DePietro,6123,Male
Katherine Dieckmann,6124,Female
Scott Marshall Smith,6126,Male
Andrew Traucki,6128,Male
Michael Clancy,6129,Male
Robert Adetuyi,6130,Male
Kari Skogland,6131,Female
Benedikt Erlingsson,6133,Male
Gurinder Chadha,6134,Female
Jason Connery,6135,Male
Vic Sarin,6136,Male
William Phillips,6138,Male
Andy García,6139,Male
Julian Gilbey,6141,Male
Stanley Kramer,6144,Male
Pedro Almodóvar,6145,Male
Gerald Potterton,6146,Male
Anurag Basu,6147,Male
Yash Chopra,6149,Male
Ferzan Ozpetek,6151,Male
Kris Isacsson,6152,Male
Ben Younger,6153,Male
Daniel Taplitz,6154,Male
Hart Bochner,6157,Male
Stewart Raffill,6158,Male
Na Hong-jin,6159,Male
Chatrichalerm Yukol,6160,Male
Marc Forby,6162,Male
Ole Christian Madsen,6163,Male
André Téchiné,6165,Male
Emily Young,6166,Female
Peter Faiman,6167,Male
Roland Suso Richter,6169,Male
Maïwenn,6171,Female
Mark Rydell,6174,Male
David E. Talbert,6175,Male
Roger Vadim,6176,Male
Nils Gaup,6177,Male
Vondie Curtis-Hall,6179,Male
Tom Elkins,6180,Male
John Sayles,6182,Male
Vipul Amrutlal Shah,6183,Male
Ken Loach,6184,Male
Mervyn LeRoy,6186,Male
James Frawley,6188,Male
Dan Gilroy,6189,Male
Jonathan Dayton,6190,Male
Don Siegel,6192,Male
Martin Lawrence,6193,Male
Ken Shapiro,6196,Male
Doug Atchison,6199,Male
Mary Harron,6201,Female
Troy Duffy,6203,Male
Nicole Holofcener,6204,Female
Matty Rich,6205,Male
Fina Torres,6206,Female
François Ozon,6207,Male
Ryan Fleck,6208,Male
Steve James,6209,Male
Michael Winner,6210,Male
Tomm Moore,6211,Male
John Carney,6212,Male
David Jacobson,6213,Male
Michael Corrente,6214,Male
Andrew Currie,6217,Male
Luke Wilson,6218,Male
Coky Giedroyc,6220,Female
Thomas Vinterberg,6222,Male
Claudia Llosa,6223,Female
Charles Binamé,6224,Male
David Webb Peoples,6228,Male
Stanley Tong,6230,Male
Eli Roth,6232,Male
Tony Richardson,6233,Male
Charles Robert Carner,6234,Male
Claude Miller,6236,Male
Rodrigo García,6238,Male
Siddharth Anand,6240,Male
Vincent Paronnaud,6241,Male
Dennis Gansel,6242,Male
Daniel Barber,6243,Male
Robert Marcarelli,6244,Male
Guy Hamilton,6246,Male
Adam Brooks,6247,Male
Michael Anderson,6248,Male
James D. Stern,6249,Male
Matt Bettinelli-Olpin,6250,Male
Sharron Miller,6251,Female
Aaron Schneider,6252,Male
Tom Ford,6253,Male
Mitch Davis,6255,Male
Kevin Brodie,6256,Male
Lynne Ramsay,6257,Female
Tim Chambers,6259,Male
Bob Gosse,6261,Male
Alex Zamm,6262,Male
Spencer Susser,6263,Male
Shari Springer Berman,6265,Female
Richard E. Grant,6268,Male
Richard Rich,6271,Male
Robert C. Cooper,6272,Male
Kim Nguyen,6273,Male
Jackie Earle Haley,6274,Male
Max Färberböck,6275,Male
Mark Tonderai,6278,Male
Ian Fitzgibbon,6279,Male
Rachel Perkins,6280,Female
Luis Valdez,6281,Male
Alan Alda,6282,Male
Louis Morneau,6283,Male
Caroline Link,6284,Female
Zal Batmanglij,6286,Male
Oren Moverman,6288,Male
Ian Sharp,6289,Male
Wolfgang Becker,6290,Male
Dan O'Bannon,6291,Male
George Roy Hill,6292,Male
Robert Stevenson,6293,Male
Gary Hardwick,6294,Male
King Vidor,6295,Male
Fred Savage,6296,Male
Sammo Hung,6297,Male
Rusty Cundieff,6298,Male
Dominique Othenin-Girard,6299,Male
Risa Bramon Garcia,6301,Female
Brian Klugman,6302,Male
Raymond De Felitta,6304,Male
John Michael McDonagh,6305,Male
Deb Hagan,6306,Female
Zach Cregger,6307,Male
Zach Braff,6308,Male
Mark Tarlov,6309,Male
John Cameron Mitchell,6310,Male
David Atkins,6312,Male
Patrick Stettner,6313,Male
Michael Crichton,6315,Male
Rick Bieber,6317,Male
Joey Lauren Adams,6318,Female
Greg Marcks,6321,Male
Perry Lang,6322,Male
Jake Goldberger,6323,Male
William Kaufman,6324,Male
Cédric Klapisch,6326,Male
Prachya Pinkaew,6331,Male
Gary Sinyor,6332,Male
Joseph Gordon-Levitt,6335,Male
William Sachs,6336,Male
Christophe Barratier,6337,Male
Émile Gaudreault,6338,Male
James Cox,6339,Male
James Toback,6340,Male
George Ratliff,6345,Male
Shane Meadows,6346,Male
Jon Wright,6347,Male
Michael McGowan,6348,Male
Liv Ullmann,6349,Female
Dan Trachtenberg,6351,Male
David F. Sandberg,6352,Male
Henry Koster,6355,Male
Patty Jenkins,6356,Female
Christopher B. Landon,6357,Male
David Gelb,6358,Male
Mike Flanagan,6359,Male
Nat Faxon,6360,Male
Doug McHenry,6361,Male
Maurice Joyce,6363,Male
Robert Duvall,6364,Male
Frank Perry,6365,Male
Ice Cube,6367,Male
Bruce Malmuth,6370,Male
Rob Hedden,6371,Male
Joe Chappelle,6373,Male
Mickey Liddell,6374,Male
Fred Walton,6375,Male
Steve Carver,6376,Male
Gonzalo López-Gallego,6377,Male
Christine Jeffs,6378,Female
Don Coscarelli,6379,Male
Bill Duke,6381,Male
Frank Borzage,6382,Male
Mamoru Hosoda,6383,Male
Brian Dannelly,6384,Male
Denys Arcand,6385,Male
J.S. Cardone,6386,Male
Jay Levey,6387,Male
Nicholaus Goossen,6388,Male
Xavier Beauvois,6391,Male
Randall Miller,6392,Male
Jerry Belson,6393,Male
Dan Rush,6394,Male
Michael Cuesta,6395,Male
Fenton Bailey,6396,Male
Errol Morris,6401,Male
Dennis Hopper,6402,Male
Eli Craig,6403,Male
Nicholas Fackler,6404,Male
Richard Wallace,6405,Male
Morgan J. Freeman,6406,Male
Matthew Hastings,6407,Male
Oren Peli,6409,Male
Paul Andrew Williams,6410,Male
William H. Macy,6411,Male
Marcia Bennett,6414,Female
Stanton Barrett,6415,Male
Jiří Menzel,6416,Male
Fatih Akin,6417,Male
Nick Murphy ,6418,Male
Frank LaLoggia,6419,Male
Jeremy Brock,6420,Male
Scott Foley,6421,Male
Gabriela Tagliavini,6423,Female
Leonard Farlinger,6425,Male
Tom Kalin,6428,Male
Robert Sarkies,6429,Male
John Huston,6430,Male
Walter Lang,6431,Male
Carlos Saura,6432,Male
Todd Solondz,6437,Male
Mateo Gil,6441,Male
Lukas Moodysson,6442,Male
Agnieszka Wojtowicz-Vosloo,6443,Female
Peter DeLuise,6445,Male
Kevin Sullivan,6447,Male
Nick Love,6448,Male
Cecil B. DeMille,6450,Male
Mike Figgis,6452,Male
Lisa Cholodenko,6455,Female
John Sturges,6456,Male
William Arntz,6457,Male
Ed Gass-Donnelly,6458,Male
DJ Pooh,6459,Male
Roger Avary,6461,Male
Allison Anders,6462,Female
Jeff Franklin,6464,Male
Mike Mills,6465,Male
Dave McKean,6466,Male
Ron Fricke,6467,Male
Ruggero Deodato,6468,Male
Gavin Wiesen,6469,Male
Stefan Schwartz,6473,Male
Robert Lee King,6474,Male
Jorge Ramírez Suárez,6475,Male
Dan Ireland,6476,Male
Fernando León de Aranoa,6477,Male
Jim Mickle,6478,Male
Karim Aïnouz,6479,Male
Peter H. Hunt,6482,Male
Ruba Nadda,6483,Female
James Whale,6484,Male
Edward Burns,6485,Male
Sean Byrne,6486,Male
Mark Griffiths,6487,Male
George Sidney,6491,Male
Chris Morris,6492,Male
Peter Stebbings,6494,Male
Vincente Minnelli,6495,Male
Dagur Kári,6496,Male
Michael Gornick,6498,Male
Richard Brooks,6499,Male
Robert Eggers,6500,Male
Michael Martin,6501,Male
Louis C.K.,6503,Male
Anthony C. Ferrante,6504,Male
Salvador Carrasco,6505,Male
Robert Cary,6507,Male
Warren P. Sonoda,6509,Male
Amanda Gusack,6510,Female
Avi Nesher,6511,Male
Jay Oliva,6513,Male
Charles Ferguson,6514,Male
Mark Young,6515,Male
"Daniel Petrie, Jr.",6516,Male
Clark Gregg,6520,Male
Damien Chazelle,6521,Male
Karen Moncrieff,6524,Female
Jonathan Silverman,6525,Male
Eric Styles,6526,Male
Laurent Cantet,6527,Male
Max Mayer,6529,Male
John Gulager,6531,Male
Brandon Cronenberg,6532,Male
Tod Williams,6534,Male
Jack Sholder,6535,Male
Ted Post,6536,Male
Michael Haigney,6537,Male
Tom McLoughlin,6538,Male
Adam Marcus,6539,Male
John Maclean,6540,Male
Benny Boom,6541,Male
Nnegest Likké,6543,Female
Christopher Leitch,6544,Male
Peter M. Cohen,6547,Male
Mel Stuart,6548,Male
Anthony Hickox,6549,Male
Tom Schulman,6550,Male
Jill Sprecher,6551,Female
Darren Stein,6552,Male
David Nixon,6553,Male
Matthew Bright,6556,Male
Michael Landon Jr.,6557,Male
Andrea Arnold,6558,Female
Whit Stillman,6559,Male
Bobby Roth,6561,Male
Tim Heidecker,6562,Male
Michael Worth,6563,Male
Deon Taylor,6564,Male
Jason Alexander,6565,Male
Will Canon,6567,Male
Lance Kawas,6569,Male
Francesca Gregorini,6570,Female
Márcio Garcia,6571,Male
Michael Jai White,6573,Male
Paolo Monico,6574,Male
Darin Scott,6576,Male
Christian Sesma,6577,Male
Monte Hellman,6578,Male
Brian Caunter,6579,Male
Chris D'Arienzo,6580,Male
Leon Ford,6583,Male
John Carl Buechler,6585,Male
Victor Nunez,6587,Male
Alex van Warmerdam,6590,Male
Frank Sebastiano,6592,Male
Stacy Peralta,6593,Male
Nacho Vigalondo,6594,Male
Tony Giglio,6596,Male
Stanley Donen,6597,Male
John Sullivan,6599,Male
Tommy Lee Wallace,6600,Male
Don Taylor,6601,Male
Leslie Small,6602,Male
Éric Tessier,6603,Male
Alison Maclean,6604,Female
Alice Wu,6605,Female
Joshua Tickell,6608,Male
Tim Boxell,6609,Male
Michael D. Sellers,6610,Male
Reed Cowan,6611,Male
James Dodson,6612,Male
Alex Rivera,6613,Male
John Murlowski,6614,Male
Robby Henson,6617,Male
David Hand,6623,Male
Danny Steinmann,6625,Male
Jon Gunn,6626,Male
Hayley Cloake,6627,Female
Tay Garnett,6628,Male
William Wyler,6632,Male
Larry Clark,6633,Male
Lloyd Kaufman,6638,Male
David Robert Mitchell,6639,Male
Robert Mulligan,6640,Male
Liu Chia-Liang,6641,Male
Chris Kentis,6642,Male
Alex Kendrick,6643,Male
Robert Rossen,6644,Male
Jack Conway,6645,Male
Elia Kazan,6648,Male
Debra Granik,6649,Female
Henry King,6650,Male
Miranda July,6651,Female
Max Joseph,6652,Male
Ari Folman,6655,Male
Marielle Heller,6656,Female
David Sington,6657,Male
Kelly Reichardt,6658,Female
Bob Giraldi,6659,Male
Huck Botko,6660,Male
David Duchovny,6661,Male
Mitchell Lichtenstein,6662,Male
Hue Rhodes,6664,Male
Brian Yuzna,6668,Male
Hunter Richards,6669,Male
Phil Claydon,6672,Male
John Simpson,6674,Male
Jeff Crook,6680,Male
Orson Welles,6681,Male
Dave Payne,6682,Male
Brad Copeland,6683,Male
Phil Morrison,6685,Male
Harald Reinl,6686,Male
Tanner Beard,6687,Male
Derick Martini,6689,Male
Tim Hunter,6691,Male
Richard Ayoade,6692,Male
Jehane Noujaim,6693,Female
Jean-Marc Barr,6694,Male
John Laing,6696,Male
Vera Farmiga,6703,Female
Jonathan Wacks,6705,Male
Tony Krantz,6707,Male
Mitchell Altieri,6708,Male
Corey Grant,6710,Male
Lucky McKee,6711,Male
Steven R. Monroe,6713,Male
Mark Illsley,6714,Male
Sally Potter,6716,Female
David M. Matthews,6719,Male
Nadine Labaki,6720,Female
Eytan Fox,6722,Male
Adam Goldberg,6725,Male
Adrienne Shelly,6727,Female
Newt Arnold,6728,Male
Fabián Bielinsky,6730,Male
Rebecca Miller,6732,Female
Henry Bean,6734,Male
Jeff Garlin,6736,Male
Adam Green,6738,Male
Charlie Chaplin,6739,Male
Bruce Campbell,6741,Male
Bruce McDonald,6743,Male
Robert Greenwald,6746,Male
David Rodriguez,6748,Male
David Winning,6750,Male
Tara Subkoff,6753,Female
Russell Friedenberg,6754,Male
Zak Penn,6757,Male
Mathieu Amalric,6759,Male
David Worth,6760,Male
Leslie H. Martinson,6761,Male
Robert M. Young,6762,Male
Steve Buscemi,6763,Male
Ham Tran,6764,Male
Michael D. Olmos,6773,Male
Giovanni Zelko,6776,Male
Jamie Babbit,6778,Female
David Boyd,6779,Male
Anna Muylaert,6780,Female
Steve Taylor,6781,Male
Laurent Bouhnik,6783,Male
David Caffrey,6785,Male
Adam Jay Epstein,6786,Male
Ossie Davis,6788,Male
Jeff Burr,6792,Male
Guy Maddin,6793,Male
Regardt van den Bergh,6794,Male
Matthew R. Anderson,6797,Male
Joel Anderson,6799,Male
Douglas Trumbull,6801,Male
Mona Lerche,6802,Female
Clive Barker,6805,Male
Harold Cronk,6806,Male
Takao Okawara,6807,Male
Robert D. Webb,6810,Male
Allan Dwan,6811,Male
Ben Lewin,6813,Male
Robert Kenner,6814,Male
Craig Johnson,6816,Male
Sean Durkin,6817,Male
Gillian Robespierre,6818,Female
Courtney Hunt,6819,Female
Morgan Neville,6820,Male
Greg Berlanti,6822,Male
Marc Levin,6823,Male
Richard Dutcher,6824,Male
Goran Dukic,6828,Male
Mike Cahill,6829,Male
Kyle Rankin,6830,Male
Joshua Oppenheimer,6831,Male
Alex Gibney,6832,Male
Paul Crowder,6833,Male
Kief Davidson,6836,Male
Ti West,6839,Male
Nick Tomnay,6840,Male
Nickolas Perry,6841,Male
Dan Zukovic,6842,Male
Benjamin Dickinson,6845,Male
Frank Whaley,6847,Male
Katherine Brooks,6849,Female
David Cross,6850,Male
Mary Pat Kelly,6853,Female
Lori Petty,6854,Female
Kevin Hamedani,6856,Male
David DeCoteau,6857,Male
Stefan C. Schaefer,6859,Male
Michael Taliferro,6860,Male
Katie Aselton,6861,Female
Jonathan Meyers,6867,Male
Ralph Nelson,6868,Male
Allison Burnett,6870,Female
Richard Schenkman,6871,Male
Cristian Mungiu,6874,Male
Maryam Keshavarz,6876,Female
C. Jay Cox,6878,Male
Tommy Oliver,6880,Male
Rich Christiano,6882,Male
Asghar Farhadi,6884,Male
G.W. Pabst,6886,Male
Michael Burke,6888,Male
Catherine Jelski,6889,Female
Ryan Little,6891,Male
Dave Willis,6893,Male
Ben Wheatley,6894,Male
Christopher Hutson,6896,Male
David LaChapelle,6897,Male
Christopher Scott Cherot,6901,Male
H.M. Coakley,6902,Male
Bill Benenson,6905,Male
Mark Sandrich,6909,Male
Daniel Myrick,6910,Male
Michael Wadleigh,6911,Male
Scott Ziehl,6913,Male
Richard Montoya,6914,Male
Michael Walker,6917,Male
Amy Holden Jones,6919,Female
Joe Camp,6922,Male
Matt Walsh,6923,Male
Marilyn Agrelo,6925,Female
Brian Baugh,6926,Male
Patrick Creadon,6927,Male
Barry W. Blaustein,6928,Male
Kurt Hale,6929,Male
Greg Harrison,6932,Male
Eric Schaeffer,6934,Male
Neema Barnette,6935,Female
Marius Markevicius,6938,Male
Tom DiCillo,6939,Male
Alex Smith,6941,Male
Gareth Edwards,6942,Male
Jonathan Parker,6943,Male
Alex Craig Mann,6945,Male
Stephen Kijak,6946,Male
Michael Hoffman Jr.,6948,Male
Jack Heller,6950,Male
Lloyd Bacon,6958,Male
Jonathan Caouette,6962,Male
Lucio Fulci,6964,Male
Paul Fox,6965,Male
Ingmar Bergman,6967,Male
D.W. Griffith,6968,Male
Harry Beaumont,6970,Male
Franck Khalfoun,6971,Male
Sam Firstenberg,6974,Male
Doug Block,6975,Male
Yorgos Lanthimos,6978,Male
Gregory Widen,6980,Male
Niall Johnson,6981,Male
Eric Mendelsohn,6982,Male
Jean-Luc Godard,6983,Male
Michael Roemer,6985,Male
Babar Ahmed,6987,Male
John D. Hancock,6988,Male
Paul Bartel,6989,Male
Jason Marsden,6990,Male
Herb Freed,6994,Male
Maria Maggenti,6997,Female
Drake Doremus,7001,Male
Hilary Brougher,7005,Female
Corbin Bernsen,7007,Male
Eugène Lourié,7018,Male
Carl Theodor Dreyer,7026,Male
Marianna Palka,7027,Female
Ricki Stern,7028,Female
Majid Majidi,7034,Male
Andrew Haigh,7035,Male
Nicolae Constantin Tanase,7037,Male
Bill Melendez,7044,Male
Lynn Shelton,7049,Female
David Hewlett,7050,Male
Nate Parker,7051,Male
Robert Townsend,7054,Male
Larry Blamire,7056,Male
Stephen Langford,7057,Male
Dan Reed,7060,Male
John Reinhardt,7061,Male
László Benedek,7063,Male
Julie Davis,7066,Female
Brett Piper,7068,Male
Brandon Trost,7069,Male
Bruno Barreto,7074,Male
Lena Dunham,7075,Female
Jem Cohen,7078,Male
Andrew Leman,7079,Male
William Eubank,7081,Male
Malcolm Goodwin,7084,Male
Kevin Jordan,7085,Male
Bradley Rust Gray,7089,Male
Eric Eason,7094,Male
Marcus Nispel,7096,Male
Daryl Wein,7098,Male
Jafar Panahi,7100,Male
Kiyoshi Kurosawa,7102,Male
Shane Carruth,7106,Male
Daniel Hsia,7109,Male
Brian Herzlinger,7110,Male
